atm,distance_to_office_1,distance_to_office_2
atm_1,403.7261427752268,190.89221663334817
atm_2,303.20433104227715,310.9866572722242
atm_3,139.13012337662468,383.24262271611985
atm_4,322.57855544103245,278.5219054906492
atm_5,546.5871211730146,129.25714705784407
atm_6,183.47621268569264,563.295180363544
atm_7,220.53522524770707,517.2163962649893
